cscore,avg(pos),avg(neg)
26,0.3532490187527257,0.8938072394243349
29,0.35801838610827375,0.8942798774259448
964,0.2857142857142857,0.7142857142857143
474,0.2631578947368421,0.9473684210526315
-91,0.375,0.875
1697,0.0,1.0
1950,1.0,0.0
2250,1.0,1.0
2040,0.0,1.0
1806,0.0,1.0
-251,1.0,0.5
1677,0.0,1.0
65,0.34320323014804843,0.9098250336473755
3806,0.3333333333333333,1.0
191,0.31,0.94
558,0.4166666666666667,1.0
541,0.25,1.0
418,0.21052631578947367,1.0
2906,0.0,1.0
1010,0.3333333333333333,1.0
5241,1.0,1.0
1258,0.0,1.0
2173,0.0,1.0
3800,1.0,1.0
3061,0.0,1.0
1224,0.0,1.0
1277,0.3333333333333333,1.0
3280,0.0,1.0
1360,0.0,1.0
222,0.20689655172413793,0.9482758620689655
293,0.34,1.0
938,0.0,1.0
-109,0.5,0.6666666666666666
270,0.423728813559322,0.9491525423728814
-58,0.5535714285714286,0.8035714285714286
1127,0.3333333333333333,0.6666666666666666
730,0.2222222222222222,0.6666666666666666
1409,0.75,1.0
1551,0.3333333333333333,1.0
1145,0.0,1.0
8872,0.0,1.0
1371,0.0,1.0
2184,0.0,0.0
2570,0.0,1.0
278,0.32653061224489793,0.9183673469387755
243,0.3333333333333333,0.9583333333333334
367,0.38461538461538464,0.8846153846153846
1175,0.0,1.0
2030,0.0,1.0
442,0.2857142857142857,1.0
1463,0.0,1.0
4519,0.0,1.0
705,0.14285714285714285,0.8571428571428571
10205,0.0,1.0
-261,0.0,0.0
1202,0.6666666666666666,1.0
5850,0.0,1.0
720,0.3333333333333333,1.0
2598,0.5,1.0
2944,1.0,0.0
19,0.3596135496183206,0.8967080152671756
54,0.33488805970149255,0.9160447761194029
-159,0.2,0.8
1671,0.3333333333333333,1.0
296,0.4523809523809524,0.9047619047619048
1782,0.0,1.0
965,0.0,1.0
926,0.5,1.0
7233,0.0,1.0
1217,0.5,1.0
1447,0.0,1.0
6297,0.0,1.0
4552,0.0,1.0
0,0.40022303929687414,0.859407952123842
277,0.4166666666666667,0.9166666666666666
287,0.2608695652173913,0.9565217391304348
348,0.3333333333333333,1.0
415,0.47058823529411764,1.0
6361,0.5,1.0
1336,1.0,1.0
847,0.0,1.0
-193,0.0,1.0
1077,0.0,1.0
2940,1.0,1.0
8493,1.0,1.0
2157,0.0,1.0
2244,1.0,1.0
656,0.25,1.0
502,0.29411764705882354,0.9411764705882353
1480,0.0,1.0
1055,0.3333333333333333,1.0
3302,0.0,1.0
113,0.3382899628252788,0.9405204460966543
-3,0.4251706791232483,0.8365073661516349
155,0.31451612903225806,0.9435483870967742
-30,0.47774480712166173,0.827893175074184
831,0.16666666666666666,1.0
112,0.38492063492063494,0.9126984126984127
167,0.362962962962963,0.9037037037037037
299,0.35135135135135137,0.9459459459459459
1042,0.3333333333333333,1.0
-135,0.5,0.5
736,0.3333333333333333,1.0
385,0.5,0.8333333333333334
-118,0.42857142857142855,0.8571428571428571
7139,1.0,1.0
2364,0.0,1.0
1882,0.0,1.0
-35,0.4034334763948498,0.8369098712446352
237,0.34210526315789475,0.9605263157894737
564,0.5555555555555556,1.0
602,0.4166666666666667,0.8333333333333334
241,0.35714285714285715,0.8928571428571429
347,0.3,0.9
588,0.2857142857142857,1.0
857,0.5,0.8333333333333334
1983,0.0,1.0
1497,0.0,1.0
2660,0.0,1.0
1636,0.0,1.0
8320,1.0,1.0
22,0.3645166328283617,0.8945806653131345
198,0.4044943820224719,0.9325842696629213
414,0.3333333333333333,0.8571428571428571
330,0.26666666666666666,0.9555555555555556
1711,0.0,1.0
724,0.375,0.875
-141,0.6666666666666666,0.3333333333333333
2488,0.0,1.0
1640,0.5,1.0
530,0.42857142857142855,0.8571428571428571
1526,0.0,1.0
1241,0.0,1.0
2681,0.0,1.0
2317,0.0,1.0
1905,1.0,1.0
7392,0.0,1.0
1211,0.0,1.0
130,0.3459715639810427,0.909952606635071
-60,0.3508771929824561,0.7543859649122807
1972,0.3333333333333333,1.0
196,0.3655913978494624,0.946236559139785
1157,1.0,1.0
2277,0.0,1.0
486,0.35294117647058826,1.0
1050,0.5,1.0
487,0.29411764705882354,0.8823529411764706
1428,0.0,1.0
932,0.0,0.6666666666666666
2828,1.0,1.0
427,0.21428571428571427,1.0
3821,0.0,1.0
1403,1.0,1.0
1059,0.3333333333333333,1.0
823,0.3333333333333333,0.6666666666666666
2439,1.0,1.0
1152,0.5,1.0
7,0.3618371919342793,0.8949672226371256
-25,0.45871559633027525,0.8165137614678899
77,0.3675675675675676,0.8972972972972973
1527,0.6666666666666666,1.0
677,0.3,1.0
1353,0.6666666666666666,1.0
2720,0.5,1.0
1979,0.5,1.0
3489,0.0,1.0
2775,0.0,1.0
3243,0.0,1.0
1873,0.0,1.0
2983,0.0,1.0
-209,0.0,1.0
2007,1.0,1.0
34,0.3535044044427422,0.9042512447338185
184,0.3211009174311927,0.9357798165137615
635,0.125,1.0
858,0.4444444444444444,0.8888888888888888
532,0.25,0.9166666666666666
1041,0.0,1.0
5275,0.0,1.0
1887,0.5,1.0
1540,0.0,1.0
4179,0.0,1.0
2961,0.0,0.0
1687,1.0,1.0
3311,1.0,1.0
-49,0.43137254901960786,0.803921568627451
1471,0.0,1.0
463,0.2777777777777778,0.8888888888888888
551,0.2727272727272727,0.8181818181818182
3031,0.0,1.0
853,0.3,0.9
830,0.0,1.0
939,0.0,1.0
1200,0.2,1.0
1319,1.0,0.5
2309,0.0,1.0
7566,0.0,0.0
1460,1.0,1.0
-190,0.6666666666666666,0.3333333333333333
-65,0.4423076923076923,0.8076923076923077
188,0.41,0.89
399,0.3548387096774194,0.9032258064516129
1199,0.25,1.0
1052,0.2,1.0
1458,0.0,1.0
3092,0.5,1.0
3692,0.0,1.0
2807,0.0,1.0
1483,0.3333333333333333,1.0
693,1.0,1.0
6250,0.0,1.0
2643,0.0,1.0
2684,1.0,1.0
3326,0.0,1.0
126,0.3163265306122449,0.9387755102040817
228,0.484375,0.953125
274,0.34146341463414637,0.8780487804878049
202,0.40540540540540543,0.972972972972973
1768,1.0,1.0
1730,0.0,1.0
529,0.2857142857142857,1.0
844,0.25,0.75
2370,0.0,1.0
889,0.0,0.5
13264,1.0,1.0
-7,0.4451320132013201,0.8310643564356436
406,0.4117647058823529,0.8823529411764706
325,0.28125,0.9375
262,0.3492063492063492,0.8412698412698413
624,0.16666666666666666,1.0
1899,0.0,1.0
998,0.0,1.0
1694,0.5,1.0
1567,0.0,1.0
691,0.2222222222222222,0.7777777777777778
570,0.3,1.0
-95,0.5625,0.5
-90,0.6666666666666666,0.6666666666666666
1508,0.3333333333333333,1.0
2080,0.5,1.0
734,0.25,0.75
1799,1.0,1.0
1415,0.5,1.0
1766,1.0,1.0
1776,0.0,1.0
2308,0.0,1.0
1908,0.0,1.0
4358,0.0,1.0
50,0.34789391575663026,0.9149765990639626
149,0.38857142857142857,0.9257142857142857
94,0.3787465940054496,0.9100817438692098
421,0.4583333333333333,0.8333333333333334
1174,0.0,1.0
-79,0.6153846153846154,0.6153846153846154
2162,1.0,1.0
-107,0.8571428571428571,0.5714285714285714
1038,0.25,1.0
3339,0.0,1.0
2071,0.0,1.0
4608,0.5,0.0
4273,1.0,0.0
1816,0.0,1.0
-13,0.49079089924160346,0.8131094257854822
1064,0.0,1.0
638,0.4444444444444444,0.7777777777777778
876,0.3333333333333333,0.6666666666666666
961,0.3333333333333333,1.0
264,0.49019607843137253,0.9607843137254902
1110,0.0,1.0
4159,0.0,1.0
5866,0.0,1.0
3201,1.0,1.0
600,0.3333333333333333,1.0
2119,0.0,1.0
2149,0.0,1.0
3552,0.0,0.0
1210,0.0,1.0
1789,0.5,1.0
3849,1.0,1.0
229,0.2972972972972973,0.9054054054054054
1485,0.25,1.0
-116,0.375,0.875
650,0.25,1.0
1119,0.3333333333333333,1.0
1376,0.5,1.0
1185,0.5,0.5
1343,0.3333333333333333,1.0
1930,0.0,1.0
2196,0.0,1.0
1559,0.3333333333333333,1.0
3403,1.0,1.0
1212,0.0,1.0
2593,1.0,1.0
3687,0.0,1.0
110,0.31338028169014087,0.897887323943662
343,0.3333333333333333,0.9259259259259259
439,0.23809523809523808,0.9523809523809523
275,0.4339622641509434,0.9622641509433962
3796,1.0,1.0
190,0.34831460674157305,0.9101123595505618
1967,1.0,0.0
737,0.25,1.0
629,0.16666666666666666,1.0
5751,0.0,1.0
902,0.3333333333333333,1.0
1598,0.0,1.0
4006,0.0,0.0
706,0.0,0.75
3366,0.0,0.0
2182,0.0,1.0
2215,0.0,1.0
4210,0.0,1.0
-26,0.4979253112033195,0.7676348547717843
57,0.348,0.926
136,0.29473684210526313,0.8894736842105263
513,0.4375,0.8125
17654,0.0,1.0
1607,0.0,1.0
828,0.5,1.0
936,0.0,1.0
2377,0.0,1.0
1728,1.0,1.0
1002,0.5,1.0
3386,0.0,1.0
1407,0.3333333333333333,1.0
1213,0.0,1.0
144,0.3333333333333333,0.9047619047619048
963,0.0,1.0
388,0.3,1.0
412,0.3548387096774194,0.8387096774193549
417,0.19230769230769232,0.9615384615384616
-61,0.44,0.84
4802,0.0,1.0
2021,0.0,1.0
-172,0.3333333333333333,0.3333333333333333
1710,1.0,1.0
14019,0.0,1.0
5059,1.0,0.0
1956,0.0,1.0
3133,0.0,1.0
4319,0.0,1.0
5673,1.0,1.0
2235,0.5,1.0
2404,1.0,1.0
2615,0.0,1.0
909,0.0,1.0
1240,0.5,0.5
1219,1.0,1.0
2971,0.0,1.0
1256,0.0,1.0
1771,1.0,1.0
1025,0.0,1.0
1937,0.0,1.0
5847,1.0,1.0
2784,0.0,1.0
1283,0.0,0.5
2470,0.5,1.0
1549,0.0,1.0
3390,0.0,1.0
32,0.3534753754802655,0.9042961928047503
43,0.3556701030927835,0.9020618556701031
420,0.19230769230769232,0.9230769230769231
-41,0.5029940119760479,0.7784431137724551
1108,0.0,1.0
752,0.3333333333333333,1.0
555,0.25,0.875
696,0.375,0.75
1073,0.0,1.0
1134,0.0,1.0
1128,0.0,1.0
1550,0.0,1.0
1051,0.0,1.0
6393,1.0,1.0
1089,0.75,1.0
2667,0.0,1.0
84,0.3180873180873181,0.920997920997921
378,0.2692307692307692,0.9230769230769231
1233,0.0,1.0
2821,0.0,1.0
2995,0.0,1.0
4125,0.0,1.0
212,0.2911392405063291,0.9240506329113924
-154,1.0,0.6666666666666666
970,0.0,1.0
1924,0.0,1.0
779,0.25,0.5
1362,0.4,1.0
766,0.2,1.0
2276,1.0,1.0
5735,0.0,1.0
2294,0.0,1.0
4542,0.0,1.0
1501,0.0,1.0
31,0.3621488113615313,0.9027477616548317
662,0.45454545454545453,1.0
376,0.3870967741935484,0.8709677419354839
3570,1.0,1.0
958,0.3333333333333333,0.6666666666666666
516,0.6,1.0
-108,0.5714285714285714,0.8571428571428571
2441,1.0,1.0
1361,1.0,1.0
2414,1.0,1.0
5103,0.0,1.0
1722,1.0,1.0
1811,0.0,1.0
119,0.352,0.924
395,0.21875,0.90625
1440,0.0,1.0
2137,0.0,1.0
768,0.4,1.0
4725,0.0,1.0
974,0.6,0.8
5221,0.0,1.0
5797,1.0,1.0
3989,1.0,1.0
2130,1.0,1.0
1420,0.3333333333333333,1.0
-111,0.5555555555555556,0.8888888888888888
6839,0.0,0.0
4831,1.0,1.0
3099,0.0,1.0
450,0.4,0.9
596,0.36363636363636365,0.7272727272727273
326,0.46153846153846156,0.9487179487179487
386,0.36363636363636365,0.9696969696969697
1069,0.2,1.0
595,0.2,0.8
2113,0.5,1.0
1444,1.0,1.0
1513,1.0,1.0
-145,1.0,0.3333333333333333
4860,1.0,1.0
4143,0.0,1.0
894,0.0,1.0
39,0.33706225680933855,0.9032101167315175
98,0.36253776435045315,0.8731117824773413
-50,0.4375,0.8660714285714286
187,0.34579439252336447,0.9345794392523364
2745,1.0,1.0
561,0.0,1.0
1297,0.0,1.0
2639,1.0,1.0
4758,0.0,1.0
845,1.0,0.5
496,0.2,0.8
-337,1.0,1.0
1733,0.0,1.0
4928,0.0,1.0
402,0.4,0.9
201,0.3780487804878049,0.8414634146341463
232,0.391304347826087,0.9420289855072463
1252,0.4,1.0
2185,1.0,0.0
1405,0.5,1.0
4495,1.0,1.0
1975,1.0,1.0
5169,1.0,1.0
1141,0.6666666666666666,1.0
1650,0.0,1.0
-168,1.0,1.0
1945,0.0,1.0
962,0.3333333333333333,1.0
6332,0.0,1.0
1282,0.25,1.0
773,0.3076923076923077,0.9230769230769231
1612,0.6,0.8
966,0.5,0.5
1269,0.6666666666666666,1.0
1639,0.0,1.0
1775,0.0,1.0
203,0.3978494623655914,0.9247311827956989
1850,0.0,1.0
700,0.25,0.75
2348,1.0,1.0
2839,0.0,0.0
3812,1.0,1.0
2527,0.0,1.0
2922,0.0,1.0
2106,0.0,1.0
1482,1.0,1.0
145,0.36470588235294116,0.9411764705882353
116,0.33613445378151263,0.8865546218487395
488,0.42857142857142855,0.7857142857142857
3319,0.0,1.0
-158,1.0,1.0
4208,0.0,1.0
2472,0.0,1.0
25,0.3452669902912621,0.9025080906148867
814,0.3333333333333333,1.0
-98,0.42857142857142855,1.0
880,0.5714285714285714,0.8571428571428571
2708,0.0,1.0
1778,1.0,1.0
1312,0.0,1.0
1472,0.5,1.0
-330,1.0,1.0
-246,1.0,1.0
1099,0.0,1.0
1757,0.0,1.0
2016,1.0,1.0
1893,0.0,1.0
4538,1.0,1.0
-224,1.0,1.0
3036,1.0,1.0
2043,0.0,1.0
1452,0.5,1.0
948,1.0,1.0
1021,0.0,1.0
15506,0.0,1.0
1731,1.0,1.0
1805,1.0,1.0
2026,0.0,1.0
157,0.38620689655172413,0.8620689655172413
1048,0.3333333333333333,1.0
1897,0.5,1.0
1330,0.3333333333333333,1.0
9503,0.0,1.0
2261,0.0,1.0
-15,0.44500359453630484,0.822429906542056
124,0.37320574162679426,0.9425837320574163
181,0.32051282051282054,0.9487179487179487
363,0.3235294117647059,0.9117647058823529
2097,0.0,1.0
-101,0.7142857142857143,0.7142857142857143
586,0.16666666666666666,0.8333333333333334
1535,0.0,1.0
1323,0.5,1.0
1135,0.8,1.0
1712,0.0,0.5
2621,1.0,1.0
1149,0.5,1.0
2384,1.0,1.0
1368,0.6666666666666666,1.0
843,0.0,1.0
1592,1.0,1.0
4488,0.0,1.0
1785,0.0,0.0
1777,0.0,1.0
-112,0.45454545454545453,0.7272727272727273
-88,0.39285714285714285,0.8928571428571429
852,0.5,0.8333333333333334
1016,0.0,1.0
686,0.16666666666666666,0.6666666666666666
1238,0.0,1.0
3605,1.0,0.0
4494,0.0,1.0
95,0.3425,0.905
268,0.32727272727272727,0.8909090909090909
227,0.27631578947368424,0.9210526315789473
-71,0.43902439024390244,0.7317073170731707
2297,0.0,1.0
589,0.2222222222222222,1.0
562,0.36363636363636365,1.0
699,0.0,1.0
1553,1.0,1.0
925,0.25,1.0
1246,0.0,1.0
-149,1.0,1.0
369,0.45454545454545453,0.8636363636363636
915,0.2,1.0
-227,1.0,0.0
455,0.5,0.8333333333333334
1721,0.5,1.0
413,0.4583333333333333,0.8333333333333334
912,0.5,0.5
820,0.4,1.0
760,0.42857142857142855,0.7142857142857143
1395,1.0,1.0
9647,0.0,1.0
-202,1.0,1.0
71,0.35467980295566504,0.9178981937602627
143,0.32051282051282054,0.9294871794871795
790,0.2,0.8
370,0.3076923076923077,0.8846153846153846
642,0.25,1.0
2346,0.0,1.0
1274,0.0,1.0
703,0.3333333333333333,1.0
621,0.8333333333333334,1.0
704,0.6666666666666666,1.0
2555,1.0,1.0
9049,0.0,1.0
1960,0.5,1.0
3963,1.0,1.0
2903,0.0,1.0
193,0.345679012345679,0.9382716049382716
-45,0.5357142857142857,0.7928571428571428
161,0.3841059602649007,0.8675496688741722
1191,0.5,1.0
443,0.17647058823529413,0.8823529411764706
365,0.23529411764705882,0.8823529411764706
3232,0.0,1.0
1429,0.0,1.0
2268,0.0,1.0
1669,0.0,1.0
2354,0.0,1.0
3534,0.0,0.0
6,0.3615065630510024,0.8965421537255926
68,0.3583815028901734,0.9046242774566474
342,0.40625,0.90625
2394,0.0,1.0
713,1.0,1.0
466,0.5,0.9
1520,0.0,1.0
1012,0.3333333333333333,0.6666666666666666
1242,0.0,0.5
2740,0.0,1.0
-197,0.0,1.0
2186,0.0,1.0
72,0.3293310463121784,0.9090909090909091
87,0.3386363636363636,0.9090909090909091
215,0.44285714285714284,0.8285714285714286
756,0.0,1.0
2027,1.0,1.0
1786,0.5,1.0
3580,1.0,1.0
1994,1.0,1.0
2616,1.0,1.0
-265,0.0,1.0
2177,0.0,1.0
58,0.35714285714285715,0.8855042016806722
258,0.4067796610169492,0.9152542372881356
255,0.25,0.890625
-133,0.3333333333333333,0.6666666666666666
320,0.3333333333333333,0.8666666666666667
665,0.125,1.0
854,0.5,0.5
1259,0.5,1.0
-119,0.6666666666666666,0.5
1098,1.0,1.0
-181,0.0,1.0
3345,0.0,1.0
2207,0.0,1.0
3996,0.0,1.0
883,1.0,1.0
4632,0.0,1.0
107,0.3771043771043771,0.9090909090909091
271,0.38461538461538464,0.9038461538461539
266,0.3684210526315789,0.9649122807017544
882,0.0,1.0
221,0.417910447761194,0.9701492537313433
-104,0.5555555555555556,0.7777777777777778
1862,0.0,1.0
1817,0.5,1.0
424,0.5,1.0
6216,1.0,1.0
997,0.75,1.0
-316,0.0,1.0
1769,0.0,1.0
3733,1.0,1.0
1124,0.3333333333333333,1.0
2291,0.0,1.0
6042,1.0,1.0
3607,1.0,1.0
9,0.3531174872771551,0.8991538917855694
316,0.4074074074074074,0.9259259259259259
8967,1.0,1.0
554,0.5384615384615384,1.0
744,0.75,0.5
407,0.5,0.9
968,0.4,1.0
1675,0.0,1.0
789,0.4444444444444444,1.0
2076,0.0,1.0
-96,0.5333333333333333,0.6
920,0.0,1.0
897,0.5,0.5
2191,0.0,1.0
-24,0.4893238434163701,0.8113879003558719
63,0.3416572077185017,0.9069239500567536
27,0.3486195601310248,0.9073467477772579
158,0.3333333333333333,0.9302325581395349
447,0.23809523809523808,1.0
397,0.45,0.85
754,0.4,0.8
389,0.4090909090909091,0.9090909090909091
959,0.0,1.0
1531,0.3333333333333333,1.0
933,0.75,1.0
796,0.4,0.8
2255,0.0,1.0
856,1.0,1.0
2281,1.0,1.0
2170,1.0,1.0
1693,0.5,1.0
4011,1.0,1.0
1623,0.0,1.0
5056,0.0,1.0
51,0.3555926544240401,0.9023372287145242
56,0.34476190476190477,0.9104761904761904
2741,0.0,1.0
5650,0.0,1.0
3093,1.0,0.0
2553,0.0,1.0
-169,0.3333333333333333,0.6666666666666666
7910,0.0,1.0
1267,0.0,1.0
178,0.272,0.92
353,0.47058823529411764,1.0
2444,1.0,1.0
702,0.4166666666666667,0.9166666666666666
1739,0.0,1.0
2420,1.0,1.0
1164,0.0,1.0
234,0.2903225806451613,0.9032258064516129
341,0.40540540540540543,0.8378378378378378
239,0.4,0.9090909090909091
5255,0.0,1.0
610,0.4444444444444444,0.8888888888888888
891,0.375,0.875
-198,1.0,0.0
1761,1.0,0.0
-136,1.0,0.0
1437,1.0,1.0
150,0.3275862068965517,0.896551724137931
279,0.38461538461538464,0.8974358974358975
2037,0.0,1.0
3758,1.0,1.0
1545,0.0,1.0
574,0.45454545454545453,0.9090909090909091
1514,0.0,1.0
1800,0.0,1.0
3253,0.0,1.0
1426,0.0,1.0
1263,0.3333333333333333,1.0
1307,0.6,1.0
146,0.3724137931034483,0.9172413793103448
52,0.34441602728047743,0.9036658141517476
608,0.36363636363636365,0.9090909090909091
346,0.36585365853658536,0.9024390243902439
546,0.3076923076923077,0.8461538461538461
1762,0.4,1.0
694,0.5,1.0
2714,0.0,1.0
-290,1.0,1.0
1849,0.5,1.0
1328,0.0,1.0
2219,0.0,1.0
-47,0.49557522123893805,0.8407079646017699
577,0.4,1.0
6099,1.0,1.0
585,0.3,1.0
446,0.36363636363636365,0.9090909090909091
861,0.125,0.75
-77,0.45,0.8
1253,0.0,1.0
1046,0.5,1.0
459,0.25,0.9375
1236,0.0,0.5
3809,0.0,1.0
1103,0.3333333333333333,1.0
2140,0.0,1.0
2567,0.0,1.0
2898,1.0,1.0
174,0.32653061224489793,0.9081632653061225
946,0.5714285714285714,1.0
825,0.6,1.0
2579,0.5,1.0
3951,0.5,1.0
3646,0.0,1.0
712,0.5,1.0
6342,1.0,1.0
2018,0.5,1.0
1641,0.0,1.0
17,0.35992578849721707,0.8981544771018455
170,0.3148148148148148,0.8148148148148148
79,0.3675373134328358,0.8936567164179104
209,0.30666666666666664,0.9066666666666666
-82,0.6,0.9666666666666667
-86,0.5,0.7777777777777778
4213,0.0,1.0
1342,0.0,1.0
661,0.2857142857142857,1.0
1060,0.0,1.0
-121,0.14285714285714285,0.8571428571428571
1453,0.0,1.0
2107,0.0,1.0
103,0.3261538461538461,0.9107692307692308
-36,0.4666666666666667,0.8088888888888889
236,0.375,0.9027777777777778
253,0.3793103448275862,0.9655172413793104
675,0.4444444444444444,0.8888888888888888
1116,1.0,1.0
2180,0.0,0.0
738,0.2857142857142857,0.8571428571428571
4405,0.0,1.0
989,0.0,1.0
3501,1.0,1.0
2338,0.0,1.0
1484,0.0,1.0
509,0.18181818181818182,0.8181818181818182
-16,0.45864661654135336,0.8287385129490392
276,0.26153846153846155,0.9384615384615385
592,0.125,1.0
7878,0.0,1.0
4315,0.0,1.0
1250,0.0,1.0
3137,0.0,1.0
-55,0.5813953488372093,0.8255813953488372
246,0.49122807017543857,0.9122807017543859
139,0.42934782608695654,0.8858695652173914
1888,0.0,1.0
-178,0.2,0.6
1999,0.0,1.0
-170,0.3333333333333333,0.6666666666666666
1190,0.5,1.0
3427,0.0,1.0
1770,1.0,1.0
2635,0.0,1.0
1196,1.0,1.0
6609,0.0,1.0
453,0.09090909090909091,0.9545454545454546
242,0.35714285714285715,0.9523809523809523
226,0.3225806451612903,0.9193548387096774
13134,0.0,1.0
430,0.35,1.0
4015,1.0,1.0
726,0.2857142857142857,1.0
977,0.3333333333333333,0.6666666666666666
3485,1.0,1.0
1230,0.5,1.0
4892,1.0,0.0
817,0.3333333333333333,1.0
1997,1.0,1.0
1009,0.0,1.0
1121,1.0,1.0
41,0.3603651987110634,0.9081632653061225
1473,0.0,1.0
499,0.5,0.9375
2051,0.0,1.0
1695,1.0,1.0
1716,1.0,1.0
1085,1.0,1.0
907,0.0,1.0
1689,0.5,1.0
5834,1.0,1.0
3139,1.0,1.0
1273,0.0,1.0
1574,0.5,0.5
1114,0.0,1.0
-276,0.0,1.0
5484,0.0,1.0
28,0.3576079093320473,0.9088497709187364
33,0.35027624309392263,0.9023941068139963
257,0.4482758620689655,0.9137931034482759
88,0.28837209302325584,0.9302325581395349
208,0.3157894736842105,0.9342105263157895
519,0.3333333333333333,1.0
248,0.37777777777777777,0.9555555555555556
384,0.3684210526315789,1.0
405,0.4782608695652174,0.9130434782608695
1673,0.0,1.0
2460,0.5,1.0
7034,0.0,1.0
-164,0.0,1.0
3581,0.0,1.0
1807,0.0,1.0
14312,0.0,1.0
1595,0.0,1.0
207,0.36,0.8933333333333333
138,0.2926829268292683,0.926829268292683
866,0.3333333333333333,1.0
498,0.35294117647058826,1.0
511,0.4444444444444444,0.8888888888888888
1576,0.0,1.0
4914,0.0,1.0
671,0.0,1.0
3740,0.0,1.0
4772,0.0,1.0
637,0.3,0.9
-200,1.0,1.0
2318,1.0,1.0
1358,0.0,1.0
6842,0.0,1.0
304,0.37209302325581395,0.9069767441860465
235,0.3114754098360656,0.9508196721311475
769,0.25,1.0
833,0.5714285714285714,1.0
307,0.34285714285714286,0.9142857142857143
2884,1.0,1.0
1206,0.3333333333333333,1.0
462,0.21428571428571427,0.9285714285714286
5390,1.0,1.0
-115,0.45454545454545453,0.9090909090909091
7108,1.0,1.0
649,0.5,1.0
3446,1.0,0.0
865,0.3333333333333333,1.0
1100,1.0,0.0
3887,1.0,1.0
813,0.0,1.0
-18,0.4823529411764706,0.7980392156862746
114,0.3511450381679389,0.8816793893129771
714,0.18181818181818182,1.0
-123,0.42857142857142855,1.0
434,0.35714285714285715,0.9285714285714286
599,0.38461538461538464,0.9230769230769231
646,0.4444444444444444,1.0
678,0.45454545454545453,0.9090909090909091
742,0.42857142857142855,1.0
1425,1.0,0.0
1474,0.0,1.0
928,0.5,1.0
5,0.36064423039425964,0.8960600033797398
1363,0.3333333333333333,1.0
6964,0.0,1.0
1331,0.5,0.5
2883,1.0,1.0
794,0.3333333333333333,0.8888888888888888
900,0.5,1.0
3498,0.0,1.0
1700,1.0,1.0
1083,1.0,1.0
1884,0.0,1.0
-215,1.0,1.0
1,0.4519377971154621,0.8951633502880938
1316,1.0,1.0
404,0.2692307692307692,0.9230769230769231
896,0.0,0.75
319,0.35135135135135137,0.972972972972973
-110,0.5454545454545454,0.8181818181818182
1118,0.0,1.0
539,0.26666666666666666,0.8
1040,1.0,1.0
1071,0.375,0.875
1875,0.0,1.0
2079,0.0,0.5
6966,1.0,0.0
1583,0.0,1.0
2062,0.0,1.0
2242,0.0,1.0
-371,0.0,1.0
2628,0.0,1.0
5559,0.0,1.0
4722,0.0,1.0
-19,0.4423913043478261,0.8326086956521739
115,0.3162393162393162,0.9145299145299145
153,0.36666666666666664,0.8933333333333333
718,0.3333333333333333,1.0
1562,1.0,1.0
3361,1.0,1.0
1074,0.5,1.0
2437,0.5,1.0
2506,0.0,1.0
1953,0.0,1.0
4593,0.0,1.0
96,0.33249370277078083,0.9168765743073047
-27,0.48299319727891155,0.81859410430839
250,0.47619047619047616,0.873015873015873
929,0.4,0.8
377,0.3076923076923077,0.9615384615384616
743,0.1111111111111111,1.0
3143,0.0,1.0
1132,0.0,1.0
859,0.0,1.0
1717,0.0,1.0
1257,1.0,1.0
1609,0.3333333333333333,0.6666666666666666
2413,0.3333333333333333,1.0
1218,0.0,1.0
1685,0.0,1.0
1367,1.0,1.0
1163,0.0,1.0
1136,0.0,1.0
-147,0.5,0.5
2915,1.0,1.0
2637,0.0,1.0
-2,0.4215854075993936,0.8448823903369358
328,0.34285714285714286,0.9142857142857143
890,0.5,1.0
1446,0.6,0.8
2050,0.5,1.0
1534,0.3333333333333333,1.0
849,0.0,1.0
1726,0.5,1.0
2396,0.0,1.0
1126,0.0,1.0
1790,0.0,1.0
1130,0.0,1.0
1279,1.0,1.0
2610,1.0,1.0
1560,1.0,1.0
185,0.4105263157894737,0.9368421052631579
375,0.3,0.8
349,0.25,0.8928571428571429
3130,1.0,1.0
-146,0.6,0.8
1054,0.3333333333333333,1.0
-173,0.6666666666666666,1.0
2228,0.0,1.0
1582,1.0,1.0
632,0.14285714285714285,1.0
2699,0.0,1.0
104,0.35563380281690143,0.9190140845070423
515,0.6,0.8
368,0.26666666666666666,0.9666666666666667
219,0.34328358208955223,0.9104477611940298
834,0.7142857142857143,1.0
944,0.5,1.0
2296,1.0,1.0
623,0.23076923076923078,1.0
1232,0.3333333333333333,1.0
1075,0.0,1.0
1151,0.3333333333333333,1.0
1436,1.0,1.0
5571,0.0,1.0
978,0.3333333333333333,0.6666666666666666
1388,0.5,1.0
214,0.43243243243243246,0.918918918918919
719,0.2222222222222222,1.0
1536,1.0,1.0
461,0.45454545454545453,0.8181818181818182
449,0.2916666666666667,1.0
1622,1.0,1.0
1284,0.0,1.0
1478,0.0,1.0
2231,0.0,1.0
538,0.25,0.9166666666666666
-151,0.42857142857142855,1.0
2921,0.0,1.0
1493,1.0,1.0
2322,1.0,1.0
1024,0.5,0.5
5093,0.0,1.0
252,0.2777777777777778,0.8703703703703703
1475,0.25,1.0
419,0.375,1.0
818,0.5,0.8333333333333334
1208,0.0,1.0
2779,0.0,1.0
593,0.3076923076923077,1.0
556,0.42857142857142855,0.9285714285714286
2707,0.0,1.0
-163,0.0,0.0
1373,0.0,1.0
3643,1.0,1.0
816,0.6666666666666666,1.0
874,1.0,1.0
1696,0.5,1.0
3449,0.0,1.0
3456,0.0,1.0
10,0.3599376994377754,0.8970141315909437
120,0.36681222707423583,0.9126637554585153
423,0.3125,1.0
945,0.0,0.25
836,0.16666666666666666,1.0
748,0.0,0.8333333333333334
-97,0.15384615384615385,0.9230769230769231
485,0.5217391304347826,1.0
500,0.5625,1.0
806,0.5,1.0
1087,0.0,1.0
1278,0.5,1.0
2288,0.0,1.0
1433,0.0,1.0
1037,0.25,1.0
2210,0.0,1.0
3936,0.0,1.0
89,0.371007371007371,0.9066339066339066
521,0.38461538461538464,0.9230769230769231
550,0.6,0.9333333333333333
-131,0.2,0.8
1666,0.0,1.0
5072,0.0,1.0
6121,0.0,1.0
2831,0.0,1.0
361,0.32,0.88
644,0.36363636363636365,1.0
2147,0.0,1.0
1045,1.0,1.0
2357,1.0,1.0
1498,0.0,1.0
364,0.30434782608695654,0.8695652173913043
537,0.4166666666666667,0.9166666666666666
452,0.375,0.9375
1588,0.0,1.0
501,0.16666666666666666,0.9166666666666666
3521,0.0,1.0
1566,0.0,1.0
870,0.6666666666666666,0.7777777777777778
1487,1.0,1.0
2305,0.5,1.0
11724,0.0,1.0
403,0.37037037037037035,0.8518518518518519
741,0.5555555555555556,1.0
923,0.25,1.0
1066,0.0,0.6666666666666666
490,0.3,1.0
-140,0.8333333333333334,0.5
1517,0.5,1.0
356,0.2608695652173913,0.8260869565217391
5716,0.0,1.0
784,0.2857142857142857,0.7142857142857143
1543,1.0,0.6666666666666666
1864,0.0,1.0
2010,0.0,1.0
871,0.3333333333333333,1.0
1822,0.3333333333333333,1.0
3567,0.0,1.0
1381,0.0,1.0
6540,0.0,1.0
975,0.5,1.0
2036,0.0,1.0
1449,0.0,1.0
1000,0.5,1.0
5309,0.0,1.0
1944,1.0,0.0
1926,0.5,1.0
128,0.3507853403141361,0.9109947643979057
1512,0.5,1.0
197,0.3,0.89
911,0.3333333333333333,1.0
464,0.47058823529411764,1.0
497,0.36363636363636365,0.7272727272727273
2670,1.0,1.0
-218,1.0,0.0
1808,1.0,1.0
1112,0.0,1.0
697,0.5,0.75
1239,0.25,1.0
3995,0.0,1.0
838,0.6666666666666666,1.0
1744,1.0,1.0
1322,0.0,1.0
85,0.35526315789473684,0.8706140350877193
106,0.3263888888888889,0.9166666666666666
575,0.3125,0.875
111,0.2717391304347826,0.8913043478260869
2464,0.0,1.0
332,0.3333333333333333,0.8333333333333334
1556,0.0,1.0
867,0.2,0.8
1228,1.0,1.0
735,0.3333333333333333,1.0
1310,0.0,1.0
815,0.25,0.75
1947,0.0,0.0
8362,0.0,1.0
1404,1.0,1.0
1456,1.0,1.0
2222,0.5,1.0
-28,0.4588235294117647,0.7952941176470588
301,0.2564102564102564,0.8974358974358975
411,0.20833333333333334,0.9166666666666666
548,0.2,0.9
-84,0.52,0.68
2934,0.0,1.0
903,0.0,1.0
-124,0.5714285714285714,0.7142857142857143
2951,1.0,1.0
5886,1.0,1.0
177,0.44642857142857145,0.9375
1435,0.5,1.0
2789,0.3333333333333333,1.0
1231,0.3333333333333333,1.0
4376,0.0,1.0
1734,0.0,1.0
-17,0.45925925925925926,0.8166666666666667
-81,0.56,0.8
797,0.3333333333333333,1.0
950,0.3333333333333333,1.0
1558,0.5,1.0
460,0.35714285714285715,0.8571428571428571
9118,1.0,1.0
1876,0.6666666666666666,1.0
1832,1.0,1.0
2090,0.0,1.0
1764,0.0,1.0
1879,1.0,0.0
2253,1.0,1.0
-46,0.5163934426229508,0.7622950819672131
179,0.34615384615384615,0.9519230769230769
441,0.23076923076923078,0.9230769230769231
-160,0.6666666666666666,0.6666666666666666
306,0.4,0.9333333333333333
448,0.25,1.0
557,0.3076923076923077,0.9230769230769231
1651,1.0,1.0
1023,0.25,1.0
563,0.14285714285714285,0.8571428571428571
1237,0.0,1.0
659,0.3,1.0
5146,0.0,1.0
4719,0.0,1.0
1251,0.0,1.0
3338,0.0,0.0
1424,0.0,1.0
224,0.29850746268656714,0.8656716417910447
48,0.3510861948142957,0.9138051857042747
67,0.3319946452476573,0.8795180722891566
673,0.4,1.0
517,0.4666666666666667,0.9333333333333333
2315,0.0,1.0
2256,0.5,1.0
1920,0.0,1.0
2353,1.0,1.0
755,0.0,1.0
953,0.0,1.0
168,0.3983050847457627,0.923728813559322
142,0.43537414965986393,0.9115646258503401
324,0.3448275862068966,0.8275862068965517
254,0.3548387096774194,0.9516129032258065
1314,1.0,1.0
1400,0.5,1.0
927,0.0,1.0
481,0.15384615384615385,0.8461538461538461
2405,1.0,1.0
1295,0.6666666666666666,1.0
8033,0.0,1.0
749,0.375,1.0
761,0.25,1.0
5615,0.0,1.0
5679,0.0,1.0
1187,0.5,1.0
4752,1.0,1.0
100,0.40522875816993464,0.8888888888888888
2503,0.0,1.0
528,0.5,1.0
247,0.3548387096774194,0.9516129032258065
992,0.25,1.0
467,0.4,0.9333333333333333
3471,0.0,1.0
105,0.3123123123123123,0.918918918918919
131,0.3492063492063492,0.8888888888888888
318,0.4146341463414634,0.926829268292683
1412,1.0,1.0
581,0.45454545454545453,1.0
-180,1.0,1.0
1013,0.0,1.0
7678,1.0,1.0
1172,1.0,1.0
3717,1.0,1.0
850,0.0,1.0
-269,0.0,0.0
294,0.2608695652173913,0.9347826086956522
2410,0.0,1.0
993,0.3333333333333333,0.6666666666666666
2115,0.0,1.0
451,0.4090909090909091,0.9545454545454546
800,0.3333333333333333,1.0
3290,0.0,1.0
1406,0.0,1.0
1765,0.5,1.0
654,0.3,0.7
2070,1.0,1.0
218,0.3488372093023256,0.8953488372093024
108,0.3310104529616725,0.8815331010452961
1079,0.25,1.0
339,0.3939393939393939,0.9696969696969697
333,0.48,0.96
1047,0.4,1.0
934,0.5,1.0
1137,0.0,1.0
4228,0.0,1.0
5160,0.0,1.0
44,0.32945499081445195,0.8971218616044091
132,0.3723849372384937,0.899581589958159
471,0.26666666666666666,1.0
309,0.4,0.9333333333333333
3006,0.0,1.0
392,0.4166666666666667,0.7916666666666666
3072,1.0,1.0
540,0.6153846153846154,0.9230769230769231
947,0.5,1.0
804,0.0,1.0
611,0.375,1.0
1332,0.5,1.0
2604,0.0,1.0
127,0.32195121951219513,0.9170731707317074
123,0.33488372093023255,0.9162790697674419
345,0.3333333333333333,0.9487179487179487
1007,0.5,1.0
641,0.4444444444444444,1.0
-103,0.9,0.8
746,0.3,0.9
1486,0.0,1.0
552,0.3333333333333333,1.0
1011,0.75,1.0
683,0.5714285714285714,0.8571428571428571
951,0.2857142857142857,1.0
1561,0.0,1.0
1815,1.0,1.0
1657,1.0,1.0
1255,0.3333333333333333,1.0
210,0.37037037037037035,0.9259259259259259
590,0.25,1.0
1117,0.0,1.0
3170,0.0,1.0
-38,0.4175257731958763,0.7628865979381443
205,0.32989690721649484,0.845360824742268
-321,1.0,0.0
1569,0.4,1.0
731,0.5,0.6666666666666666
6011,1.0,1.0
6029,1.0,1.0
2195,0.0,1.0
994,0.0,1.0
2964,1.0,0.0
3459,0.0,1.0
6467,0.0,1.0
5267,0.0,1.0
323,0.42857142857142855,0.9428571428571428
225,0.45,0.9666666666666667
352,0.3548387096774194,1.0
1866,0.5,1.0
981,0.5,1.0
682,0.25,0.75
1577,0.0,1.0
1688,0.0,1.0
559,0.2222222222222222,0.7777777777777778
1308,0.3333333333333333,1.0
1663,0.0,1.0
1244,0.3333333333333333,0.6666666666666666
1885,1.0,1.0
2052,0.5,1.0
1627,1.0,0.0
-6,0.43883150419625566,0.8358618463524855
381,0.3333333333333333,0.9583333333333334
795,0.5,1.0
249,0.41509433962264153,0.9056603773584906
688,0.4,1.0
1084,0.0,1.0
220,0.2625,0.925
383,0.2631578947368421,0.9473684210526315
822,0.375,1.0
1155,0.5,0.75
762,0.0,0.8333333333333334
1842,0.0,1.0
-199,0.0,1.0
-122,0.6666666666666666,0.8333333333333334
819,0.3333333333333333,1.0
1354,0.3333333333333333,1.0
1959,0.0,1.0
1856,0.0,1.0
2061,1.0,1.0
2899,0.0,1.0
61,0.34162162162162163,0.8897297297297297
303,0.3055555555555556,0.9444444444444444
3895,0.0,1.0
1812,0.0,1.0
1309,0.25,0.75
5596,0.0,0.0
2732,1.0,1.0
1968,1.0,1.0
1813,0.0,1.0
-57,0.4492753623188406,0.8695652173913043
-48,0.4636363636363636,0.7454545454545455
777,0.125,1.0
-114,0.42857142857142855,0.8571428571428571
1392,0.75,1.0
2335,0.0,1.0
379,0.2777777777777778,1.0
940,0.2,0.8
1348,0.5,1.0
1207,0.3333333333333333,1.0
2056,0.0,1.0
3357,0.0,1.0
995,0.75,0.75
3726,0.0,1.0
988,0.0,1.0
1745,0.5,1.0
580,0.5,1.0
8691,0.0,1.0
567,0.375,0.875
535,0.18181818181818182,1.0
4727,1.0,1.0
1925,1.0,1.0
1432,0.0,0.0
7136,1.0,1.0
337,0.3548387096774194,0.9032258064516129
213,0.2727272727272727,0.8636363636363636
-39,0.4486486486486487,0.8486486486486486
192,0.3431372549019608,0.9313725490196079
473,0.25,0.9166666666666666
454,0.5,0.9166666666666666
1880,0.6666666666666666,1.0
1264,1.0,0.5
921,0.0,0.5
440,0.46153846153846156,1.0
3967,1.0,1.0
573,0.2,1.0
1192,0.0,1.0
653,0.3333333333333333,1.0
3753,0.0,1.0
156,0.36496350364963503,0.927007299270073
1122,0.3333333333333333,0.8333333333333334
1107,0.6666666666666666,0.6666666666666666
1146,0.4,0.6
1153,0.4,0.8
-306,1.0,1.0
3488,0.0,1.0
1271,0.0,1.0
841,1.0,1.0
1524,0.0,1.0
587,0.2,1.0
846,0.4,0.8
429,0.4,0.85
-68,0.5555555555555556,0.7555555555555555
628,0.5,1.0
636,0.2857142857142857,0.7142857142857143
1340,0.6666666666666666,1.0
4723,0.0,1.0
2406,1.0,1.0
1544,0.0,1.0
283,0.3333333333333333,0.9090909090909091
160,0.3333333333333333,0.9318181818181818
715,0.5555555555555556,0.8888888888888888
-208,1.0,0.0
941,0.75,0.75
1254,0.0,1.0
1631,0.0,1.0
2580,0.0,1.0
957,0.3333333333333333,1.0
3,0.359768601589262,0.8976999976697038
576,0.35714285714285715,0.9285714285714286
1662,0.5,0.5
1227,0.0,1.0
435,0.4,0.9
2613,0.0,0.0
5356,1.0,1.0
2047,0.0,1.0
863,0.0,1.0
979,0.0,1.0
1451,0.0,1.0
982,0.5,1.0
1890,1.0,1.0
2024,1.0,1.0
2100,1.0,1.0
206,0.345679012345679,0.9012345679012346
482,0.5263157894736842,1.0
1915,1.0,1.0
2666,0.5,0.5
382,0.41935483870967744,0.9354838709677419
478,0.16666666666666666,0.9444444444444444
2202,1.0,1.0
618,0.5555555555555556,0.8888888888888888
10085,0.0,1.0
3546,0.0,1.0
6932,1.0,1.0
-188,0.0,1.0
3913,0.0,1.0
37,0.3627323821876351,0.8945092952875054
101,0.3323615160349854,0.8862973760932945
292,0.3829787234042553,0.8723404255319149
1090,0.0,1.0
-267,1.0,1.0
3083,0.0,1.0
1931,0.0,1.0
431,0.47058823529411764,1.0
1372,0.0,1.0
2359,0.0,1.0
776,1.0,1.0
1465,0.0,0.0
2466,0.0,1.0
-8,0.4493349455864571,0.8280532043530834
-14,0.4651307596513076,0.8312577833125778
83,0.32577319587628867,0.9030927835051547
362,0.4782608695652174,0.9130434782608695
-106,0.7777777777777778,0.8888888888888888
1265,0.0,1.0
2257,0.5,0.5
2351,0.0,1.0
-44,0.5511811023622047,0.7952755905511811
-73,0.6,0.8
919,0.5,1.0
-63,0.5294117647058824,0.8627450980392157
491,0.3333333333333333,0.9333333333333333
3447,0.0,1.0
905,0.0,1.0
1366,1.0,1.0
2251,0.5,1.0
12,0.36387298282144714,0.8985424258198855
-33,0.4044943820224719,0.8614232209737828
200,0.4024390243902439,0.9390243902439024
295,0.4339622641509434,0.9433962264150944
355,0.4166666666666667,0.875
3270,0.0,1.0
1044,0.25,1.0
952,0.0,0.8333333333333334
2440,1.0,1.0
2111,0.0,1.0
655,0.4,1.0
1466,0.5,1.0
8172,1.0,1.0
2102,0.0,1.0
2306,0.5,0.5
5337,1.0,1.0
141,0.3353658536585366,0.8841463414634146
543,0.38461538461538464,0.9230769230769231
826,0.625,0.625
855,0.0,1.0
288,0.2972972972972973,1.0
879,0.2,1.0
2087,0.0,1.0
1296,0.25,1.0
2856,0.0,1.0
942,0.3333333333333333,1.0
1747,0.0,1.0
55,0.34843205574912894,0.8972125435540069
373,0.4482758620689655,0.9310344827586207
943,0.0,1.0
544,0.4444444444444444,1.0
1464,0.5,1.0
614,0.09090909090909091,1.0
1538,1.0,1.0
922,0.0,1.0
5223,0.0,1.0
1397,1.0,0.5
2565,0.0,1.0
4364,0.0,1.0
74,0.35772357723577236,0.9170731707317074
-72,0.5333333333333333,0.8
280,0.4375,0.90625
322,0.40540540540540543,0.972972972972973
492,0.4666666666666667,1.0
390,0.36,0.76
1378,0.5,1.0
664,0.45454545454545453,0.9090909090909091
996,0.2,0.8
2515,0.0,1.0
2045,1.0,1.0
1387,0.0,1.0
893,0.0,1.0
1289,0.0,1.0
-156,0.3333333333333333,1.0
872,0.75,1.0
1102,0.0,1.0
1584,1.0,1.0
5349,0.0,1.0
8,0.3602304730899413,0.8975531612536496
62,0.33568904593639576,0.9057714958775029
1143,0.25,1.0
658,0.25,1.0
182,0.32558139534883723,0.9186046511627907
334,0.47058823529411764,0.9117647058823529
3483,1.0,1.0
668,0.26666666666666666,1.0
512,0.3125,1.0
2302,0.0,1.0
1245,0.5,1.0
1062,0.5,1.0
2640,0.5,1.0
1506,0.0,1.0
3134,1.0,1.0
1261,0.0,1.0
1664,0.0,1.0
11499,0.0,1.0
1120,0.0,1.0
1225,0.0,1.0
2682,1.0,0.5
1058,0.5,1.0
6315,1.0,1.0
2990,1.0,1.0
-350,0.0,1.0
1355,0.0,1.0
1910,1.0,1.0
1798,0.0,1.0
186,0.3695652173913043,0.9347826086956522
1327,0.0,1.0
910,0.8,1.0
1758,0.0,1.0
1113,0.3333333333333333,1.0
1707,1.0,1.0
1096,0.5,1.0
1345,0.0,1.0
8668,1.0,1.0
4468,0.0,1.0
331,0.3103448275862069,0.8620689655172413
-70,0.5526315789473685,0.8947368421052632
5959,0.0,1.0
710,0.2727272727272727,1.0
1166,1.0,1.0
8531,0.0,1.0
11233,1.0,1.0
772,0.5,1.0
1186,0.0,1.0
2829,1.0,1.0
-212,0.3333333333333333,0.6666666666666666
1154,0.6,0.6
1619,0.25,1.0
8080,0.0,0.0
2965,1.0,1.0
1481,0.5,1.0
1655,0.0,1.0
1468,0.0,1.0
171,0.36363636363636365,0.946969696969697
792,0.5,1.0
-37,0.53125,0.8348214285714286
631,0.2727272727272727,0.8181818181818182
480,0.35294117647058826,0.8823529411764706
1518,0.0,1.0
2117,0.0,1.0
906,0.5,1.0
747,0.2857142857142857,0.8571428571428571
5863,1.0,0.0
2025,1.0,1.0
1491,0.0,1.0
11,0.3611519771744461,0.8983549551959342
49,0.3508771929824561,0.893211289092296
437,0.4375,1.0
775,0.3333333333333333,0.6666666666666666
290,0.28125,0.90625
1341,0.5,0.5
514,0.3,0.9
2592,1.0,1.0
591,0.16666666666666666,0.8333333333333334
1091,1.0,1.0
803,0.0,1.0
4813,0.0,1.0
716,0.5,0.75
2730,0.0,1.0
1291,1.0,1.0
4330,1.0,1.0
35,0.3427230046948357,0.903755868544601
1080,0.0,1.0
2104,0.0,1.0
639,0.5,0.875
3014,0.0,1.0
560,0.375,0.875
1125,0.8,1.0
3710,1.0,1.0
1496,0.0,1.0
4824,0.0,1.0
507,0.4166666666666667,0.9166666666666666
-54,0.46551724137931033,0.8620689655172413
1034,0.25,0.75
371,0.3333333333333333,0.8888888888888888
4740,0.0,1.0
1035,0.0,1.0
1209,0.0,1.0
1339,0.0,1.0
5037,0.0,1.0
1138,0.6666666666666666,1.0
2011,0.0,1.0
1393,0.0,1.0
3203,0.0,1.0
166,0.36134453781512604,0.8571428571428571
-12,0.4565826330532213,0.8300653594771242
260,0.3,0.92
2904,1.0,1.0
753,0.0,0.8
1001,0.6666666666666666,1.0
468,0.2222222222222222,0.8333333333333334
801,0.3333333333333333,1.0
740,0.25,0.875
1167,0.0,1.0
3037,1.0,1.0
2058,1.0,1.0
8168,0.0,1.0
1419,1.0,1.0
1648,0.0,1.0
2089,1.0,0.0
2179,1.0,1.0
80,0.366412213740458,0.9045801526717557
774,0.2857142857142857,0.7142857142857143
-105,0.18181818181818182,1.0
622,0.4666666666666667,0.9333333333333333
807,0.3333333333333333,0.6666666666666666
1679,0.0,1.0
778,0.16666666666666666,1.0
2569,1.0,1.0
2254,1.0,1.0
1402,0.0,0.0
1448,0.0,1.0
6884,1.0,1.0
2761,0.0,1.0
-4,0.42818319073980876,0.8431806743834928
-87,0.21052631578947367,0.7368421052631579
321,0.28125,0.9375
1418,1.0,1.0
400,0.3333333333333333,0.9444444444444444
327,0.32142857142857145,1.0
4175,0.0,1.0
380,0.5555555555555556,0.9444444444444444
829,0.4444444444444444,0.8888888888888888
1179,0.0,1.0
785,0.2857142857142857,1.0
2896,0.0,1.0
750,0.16666666666666666,0.8333333333333334
1171,0.5,0.75
886,0.25,1.0
2519,0.0,1.0
-260,0.0,1.0
5047,1.0,1.0
1235,0.0,1.0
199,0.35051546391752575,0.9175257731958762
477,0.35714285714285715,0.9285714285714286
1337,1.0,1.0
3712,1.0,1.0
-144,0.8,0.8
1364,0.5,1.0
1335,0.5,1.0
3030,0.0,1.0
1161,0.3333333333333333,1.0
2344,0.0,1.0
2,0.36468792908157877,0.8963175012474096
465,0.3157894736842105,1.0
269,0.47619047619047616,0.9047619047619048
2513,0.0,1.0
4814,0.0,1.0
518,0.25,1.0
5750,1.0,1.0
1379,1.0,1.0
2145,0.0,1.0
1589,0.0,1.0
4721,0.5,0.5
2144,1.0,1.0
-10,0.44221105527638194,0.8302225412778177
66,0.37225274725274726,0.9148351648351648
-53,0.4418604651162791,0.8255813953488372
154,0.2905405405405405,0.8918918918918919
265,0.3125,0.8958333333333334
432,0.3333333333333333,0.9047619047619048
1303,0.0,1.0
1954,0.0,1.0
1031,0.0,1.0
3082,0.0,1.0
1802,0.0,1.0
1063,1.0,1.0
4265,0.0,1.0
-137,1.0,1.0
520,0.5333333333333333,0.8
8100,0.0,0.0
508,0.5384615384615384,1.0
657,0.42857142857142855,1.0
1306,0.0,1.0
884,0.6666666666666666,1.0
3077,1.0,1.0
1489,0.5,1.0
-174,1.0,1.0
3079,0.0,1.0
162,0.330188679245283,0.9622641509433962
967,0.25,0.5
244,0.35294117647058826,0.8431372549019608
344,0.25,0.9166666666666666
954,0.5714285714285714,0.8571428571428571
4634,0.0,1.0
-78,0.4666666666666667,0.6666666666666666
1752,0.5,1.0
689,0.2857142857142857,1.0
869,0.0,1.0
3600,0.0,0.0
1699,0.5,1.0
2395,0.0,1.0
615,0.14285714285714285,1.0
1234,0.3333333333333333,1.0
1593,1.0,1.0
1399,0.0,1.0
1292,1.0,1.0
1198,0.0,1.0
2248,0.5,1.0
2728,0.0,1.0
2754,0.0,1.0
428,0.3333333333333333,1.0
433,0.3,0.95
525,0.4,0.9333333333333333
553,0.3333333333333333,1.0
2744,1.0,1.0
1438,0.0,1.0
2938,0.0,1.0
1515,1.0,1.0
1933,1.0,1.0
3172,0.0,1.0
164,0.2708333333333333,0.9166666666666666
-34,0.43450479233226835,0.7571884984025559
711,0.42857142857142855,1.0
605,0.25,0.75
821,0.2857142857142857,1.0
503,0.21428571428571427,0.9285714285714286
1350,0.25,0.75
-117,0.5,1.0
875,0.0,0.5
931,0.6666666666666666,1.0
1076,0.0,1.0
1528,0.0,1.0
7621,1.0,1.0
1301,0.0,1.0
2502,0.0,1.0
7572,0.0,1.0
3929,0.0,1.0
176,0.3434343434343434,0.9090909090909091
986,0.0,1.0
1356,0.2,0.8
8947,1.0,1.0
360,0.4444444444444444,1.0
495,0.2727272727272727,1.0
3551,0.0,1.0
1194,1.0,1.0
2481,1.0,1.0
1082,1.0,1.0
134,0.3553299492385787,0.9187817258883249
-62,0.30612244897959184,0.8367346938775511
732,0.3333333333333333,1.0
329,0.2702702702702703,1.0
504,0.35714285714285715,0.9285714285714286
536,0.5454545454545454,1.0
245,0.2537313432835821,0.9402985074626866
1081,0.5,1.0
2160,1.0,1.0
971,0.25,1.0
-203,1.0,1.0
645,0.1,1.0
1344,0.0,1.0
5765,0.0,1.0
3363,1.0,1.0
4993,0.0,0.0
2816,1.0,1.0
1596,0.0,1.0
1369,0.0,1.0
-75,0.5333333333333333,0.9
359,0.2962962962962963,1.0
422,0.4074074074074074,0.8888888888888888
1097,0.6666666666666666,1.0
634,0.125,0.875
1565,0.0,1.0
3358,0.0,1.0
6720,0.0,1.0
1315,0.0,1.0
3815,0.0,1.0
1635,0.5,1.0
2039,1.0,1.0
1719,0.0,1.0
1027,0.0,1.0
2601,0.0,1.0
76,0.3811188811188811,0.8968531468531469
102,0.37666666666666665,0.91
175,0.44537815126050423,0.9495798319327731
7420,0.0,1.0
426,0.47368421052631576,0.5789473684210527
1837,0.0,1.0
1507,0.0,1.0
1204,0.0,1.0
2683,0.0,1.0
1386,1.0,1.0
-40,0.4946808510638298,0.8085106382978723
-102,0.7,0.8
914,0.75,0.5
606,0.75,0.875
565,0.2857142857142857,0.7857142857142857
991,0.5,0.75
4007,0.0,1.0
1973,0.0,1.0
1182,1.0,1.0
3028,0.0,1.0
233,0.34615384615384615,0.9230769230769231
729,0.0,0.6666666666666666
684,0.5714285714285714,1.0
506,0.4,0.9
892,0.5,1.0
1823,0.0,1.0
745,0.16666666666666666,0.6666666666666666
2445,0.0,1.0
1203,0.5,0.5
827,0.0,1.0
3509,1.0,1.0
4,0.3619836186879641,0.8946441785103723
92,0.37844611528822053,0.8972431077694235
163,0.4016393442622951,0.9344262295081968
3073,1.0,1.0
230,0.3188405797101449,0.927536231884058
1088,0.5,1.0
2838,0.0,1.0
549,0.5714285714285714,1.0
1670,0.5,1.0
727,0.2,1.0
898,0.375,0.875
391,0.2777777777777778,0.8333333333333334
1753,0.5,1.0
2986,0.0,1.0
2063,0.5,0.5
1714,1.0,0.0
1659,1.0,1.0
1658,1.0,1.0
1188,1.0,0.0
308,0.2,0.9333333333333333
1814,1.0,1.0
1095,0.6,1.0
-148,0.6666666666666666,0.6666666666666666
-150,0.5,0.5
899,0.0,1.0
842,0.5,1.0
3022,0.0,1.0
604,0.4166666666666667,0.8333333333333334
1221,0.0,1.0
810,0.0,1.0
1317,0.5,1.0
1305,0.0,1.0
1065,0.6666666666666666,1.0
930,0.6666666666666666,1.0
2260,0.0,1.0
1847,1.0,1.0
2969,0.0,1.0
524,0.38461538461538464,1.0
118,0.3333333333333333,0.927710843373494
763,0.4,0.8
805,0.3333333333333333,1.0
1078,0.2,1.0
2739,0.0,1.0
1380,0.0,1.0
-128,0.25,0.5
1863,0.0,1.0
13,0.36385397965290245,0.9015559545182525
272,0.4,0.96
568,0.14285714285714285,1.0
765,0.8,1.0
916,0.2,0.8
687,0.6,1.0
1861,0.0,1.0
3716,0.0,1.0
1160,0.5,1.0
4766,0.0,1.0
1638,0.0,1.0
1788,1.0,1.0
3321,0.0,1.0
305,0.4722222222222222,0.8888888888888888
1272,1.0,1.0
2188,1.0,0.5
652,0.21428571428571427,0.8571428571428571
14661,0.0,1.0
1479,0.0,1.0
10750,1.0,1.0
2917,0.0,1.0
2141,1.0,1.0
36,0.36378334680679064,0.9054163298302345
302,0.30303030303030304,0.9696969696969697
75,0.3818493150684932,0.9006849315068494
2554,1.0,1.0
603,0.3333333333333333,1.0
722,0.375,1.0
1913,0.0,1.0
1557,0.0,1.0
984,0.5,1.0
1971,0.0,1.0
2450,1.0,1.0
1667,0.0,1.0
-23,0.44353518821603927,0.8052373158756138
172,0.373134328358209,0.9253731343283582
613,0.6666666666666666,0.8333333333333334
1053,0.5,1.0
3202,0.5,1.0
-171,1.0,1.0
2264,0.0,1.0
3218,1.0,1.0
2237,1.0,0.6666666666666666
8642,0.0,1.0
78,0.39,0.918
2046,0.5,1.0
314,0.37209302325581395,0.9767441860465116
924,0.3333333333333333,1.0
408,0.52,0.92
1370,0.0,1.0
1462,0.0,1.0
-142,0.3333333333333333,0.3333333333333333
2776,0.0,1.0
1275,0.0,1.0
5819,1.0,1.0
1173,0.5,1.0
2319,0.0,1.0
5979,1.0,1.0
3708,1.0,1.0
1978,0.0,1.0
973,1.0,0.0
5623,1.0,1.0
4106,0.0,1.0
780,0.0,1.0
-83,0.3548387096774194,0.7741935483870968
1824,0.0,1.0
579,0.5555555555555556,0.8888888888888888
1519,1.0,0.0
6737,1.0,0.0
4332,1.0,1.0
2262,0.0,1.0
4137,0.0,1.0
-32,0.5342960288808665,0.7942238267148014
672,0.42857142857142855,1.0
904,1.0,1.0
955,0.3333333333333333,1.0
1020,0.0,0.5
6026,1.0,1.0
2230,0.0,1.0
2093,0.0,1.0
7954,0.0,1.0
18,0.36190878378378377,0.8973817567567568
125,0.33976833976833976,0.9111969111969112
140,0.398876404494382,0.9157303370786517
1015,0.4,1.0
2946,0.5,0.5
410,0.38095238095238093,0.8571428571428571
-165,0.5,0.5
298,0.3958333333333333,0.9166666666666666
679,0.42857142857142855,1.0
1830,0.5,1.0
533,0.5454545454545454,0.9090909090909091
1613,0.0,1.0
2386,0.0,1.0
289,0.3684210526315789,0.9210526315789473
607,0.25,0.9166666666666666
2109,0.0,1.0
983,0.5,1.0
1541,0.0,1.0
1156,0.25,1.0
1129,0.0,1.0
1615,0.0,1.0
6570,0.0,1.0
1601,0.0,0.6666666666666666
6845,0.0,1.0
1300,0.0,1.0
4998,0.0,1.0
1290,0.3333333333333333,1.0
-186,1.0,0.0
1586,0.5,1.0
2290,0.0,1.0
-214,1.0,1.0
670,0.75,1.0
-59,0.48333333333333334,0.7666666666666667
-51,0.48148148148148145,0.7962962962962963
-126,0.5,0.75
8262,0.0,1.0
2023,0.0,1.0
4744,1.0,1.0
13724,1.0,1.0
1036,0.0,1.0
2075,0.0,1.0
1070,0.5,1.0
69,0.34814814814814815,0.9037037037037037
1086,0.0,1.0
475,0.4,0.84
1575,0.5,0.5
-157,0.5,0.0
1791,0.0,1.0
1148,0.0,1.0
2019,1.0,1.0
1628,0.0,1.0
913,0.0,1.0
7144,0.0,1.0
14,0.3528170930865542,0.8972509526401742
374,0.24242424242424243,0.8787878787878788
681,0.7777777777777778,1.0
860,1.0,0.5
1123,0.5,1.0
1375,0.0,0.6666666666666666
3739,0.0,1.0
8185,0.0,1.0
1162,0.25,1.0
1318,0.0,1.0
4230,0.0,1.0
1014,0.0,1.0
4181,1.0,1.0
594,0.5833333333333334,0.8333333333333334
935,0.5,1.0
1649,0.5,1.0
733,0.0,1.0
-196,0.0,0.0
1865,1.0,1.0
1509,0.25,1.0
2867,0.5,1.0
1359,1.0,0.5
3718,1.0,1.0
-161,1.0,1.0
3527,0.0,1.0
864,0.6666666666666666,1.0
598,0.8,0.8
216,0.4,0.9333333333333333
286,0.275,0.925
1304,0.0,1.0
767,0.4,1.0
1170,1.0,1.0
1311,0.0,1.0
1573,0.0,1.0
3126,1.0,1.0
840,0.5,1.0
1197,0.3333333333333333,1.0
1869,0.0,1.0
2074,0.0,1.0
3313,0.0,1.0
3525,0.0,0.0
-341,0.0,1.0
2834,0.0,1.0
2504,1.0,1.0
1974,0.0,1.0
999,0.5,1.0
782,0.5,1.0
583,0.3333333333333333,1.0
1932,1.0,0.5
1735,1.0,1.0
1223,0.0,1.0
3626,0.0,1.0
791,0.4,0.8
3053,1.0,1.0
2391,0.0,1.0
137,0.38860103626943004,0.9481865284974094
173,0.3157894736842105,0.9473684210526315
194,0.3711340206185567,0.8865979381443299
601,0.36363636363636365,0.9090909090909091
2521,0.5,1.0
505,0.45,0.9
626,0.4444444444444444,0.7777777777777778
2822,0.0,1.0
-226,0.0,1.0
4123,1.0,1.0
1922,0.0,1.0
692,0.2,1.0
-152,0.0,0.5
6573,1.0,1.0
3297,0.0,1.0
1917,1.0,1.0
2811,1.0,1.0
21,0.3584115523465704,0.9003610108303249
135,0.3349282296650718,0.9234449760765551
1906,0.5,1.0
-130,0.6666666666666666,0.8888888888888888
238,0.3114754098360656,0.9016393442622951
809,0.0,1.0
547,0.25,0.9166666666666666
877,0.4,1.0
2187,0.0,1.0
2271,0.0,1.0
4919,0.0,0.0
-166,0.5,0.5
881,0.6666666666666666,1.0
4360,0.0,1.0
6926,0.0,1.0
2311,0.0,0.0
2793,0.0,1.0
-85,0.45,0.7
3213,0.0,1.0
-120,0.6,1.0
2292,1.0,1.0
1177,1.0,0.0
1298,1.0,0.6666666666666666
701,0.2857142857142857,0.8571428571428571
1226,0.5,1.0
2337,0.5,0.5
4796,0.0,1.0
1216,0.0,1.0
59,0.36041666666666666,0.8927083333333333
129,0.30917874396135264,0.9227053140096618
372,0.5909090909090909,0.8636363636363636
122,0.3246753246753247,0.9090909090909091
1470,0.0,1.0
542,0.38461538461538464,0.9230769230769231
5398,1.0,1.0
620,0.4,0.8
6791,0.0,1.0
1144,0.0,1.0
1907,1.0,1.0
3116,0.0,1.0
8559,0.0,1.0
1413,0.0,1.0
335,0.2413793103448276,1.0
1401,0.3333333333333333,1.0
759,0.0,1.0
651,0.35714285714285715,0.7857142857142857
960,0.5,1.0
1333,0.0,1.0
-125,0.0,0.6666666666666666
1169,1.0,1.0
2132,0.0,1.0
1093,0.0,1.0
1981,0.0,1.0
4913,0.0,1.0
5351,0.0,1.0
1941,0.0,1.0
11705,0.0,1.0
313,0.3829787234042553,0.9574468085106383
493,0.47058823529411764,0.8823529411764706
1385,0.25,1.0
2827,1.0,0.0
627,0.4444444444444444,1.0
1996,0.0,1.0
393,0.34615384615384615,0.8076923076923077
310,0.42857142857142855,0.8214285714285714
1030,0.6666666666666666,1.0
985,0.6666666666666666,0.6666666666666666
868,0.5,1.0
-155,0.0,0.5
4078,0.5,1.0
15,0.354745193774794,0.8963228562709795
165,0.32456140350877194,0.9210526315789473
81,0.3368869936034115,0.9147121535181236
-22,0.4660347551342812,0.8230647709320695
315,0.30303030303030304,0.9696969696969697
1605,0.0,1.0
223,0.3333333333333333,0.9733333333333334
878,0.5,1.0
1621,0.5,1.0
2053,0.0,1.0
-175,0.5,1.0
1320,1.0,1.0
3694,1.0,1.0
1417,1.0,1.0
1992,0.0,1.0
195,0.36486486486486486,0.8918918918918919
436,0.5555555555555556,1.0
180,0.31521739130434784,0.9456521739130435
811,0.36363636363636365,0.9090909090909091
438,0.2,0.9
648,0.15384615384615385,0.7692307692307693
3074,0.0,1.0
6541,0.0,1.0
1749,0.5,1.0
4858,0.0,1.0
1457,1.0,1.0
350,0.4117647058823529,0.8529411764705882
38,0.3436123348017621,0.9030837004405287
82,0.3411764705882353,0.8980392156862745
472,0.46153846153846156,0.9230769230769231
523,0.3333333333333333,1.0
-129,0.4,0.8
609,0.5,1.0
695,0.14285714285714285,1.0
1780,0.0,1.0
1500,0.5,1.0
1220,1.0,1.0
133,0.3333333333333333,0.9402985074626866
97,0.3715170278637771,0.9195046439628483
663,0.3333333333333333,0.8333333333333334
351,0.3,0.9
470,0.1875,1.0
-69,0.48717948717948717,0.7692307692307693
723,0.3333333333333333,0.8333333333333334
980,1.0,1.0
4363,0.0,1.0
2597,1.0,1.0
2167,0.0,1.0
5322,0.0,1.0
1630,0.5,1.0
8399,0.0,1.0
42,0.35370684776457273,0.9066213921901528
30,0.34896810506566606,0.9077995175556152
151,0.32335329341317365,0.9461077844311377
73,0.2991735537190083,0.8942148760330578
-43,0.4413793103448276,0.8344827586206897
2189,0.0,1.0
1180,0.5,0.75
401,0.4,0.85
-132,0.5454545454545454,0.7272727272727273
708,0.0,1.0
582,0.5714285714285714,0.8571428571428571
2273,0.0,1.0
895,0.0,1.0
1028,1.0,0.5
1382,0.0,1.0
3224,0.0,1.0
1746,0.0,1.0
2161,0.0,1.0
159,0.2733333333333333,0.9266666666666666
90,0.371824480369515,0.8983833718244804
4325,0.0,1.0
256,0.28846153846153844,0.9423076923076923
851,1.0,1.0
457,0.36363636363636365,0.9090909090909091
690,0.14285714285714285,1.0
709,0.23076923076923078,1.0
5268,0.0,0.0
1276,1.0,1.0
3107,1.0,1.0
1852,1.0,0.0
2770,0.0,1.0
312,0.2727272727272727,0.9393939393939394
-64,0.5681818181818182,0.7727272727272727
1389,0.3333333333333333,1.0
1029,0.5,0.8333333333333334
445,0.3333333333333333,1.0
425,0.18181818181818182,1.0
771,0.42857142857142855,1.0
2073,0.5,1.0
680,0.4444444444444444,0.8888888888888888
4172,0.0,1.0
338,0.21052631578947367,0.9473684210526315
643,0.3333333333333333,0.6666666666666666
1104,0.0,1.0
685,0.0,0.8
1193,1.0,0.5
4149,0.0,1.0
2008,0.0,0.0
1377,1.0,1.0
1421,0.5,1.0
1043,0.6,1.0
297,0.2894736842105263,0.9473684210526315
597,0.25,1.0
2055,1.0,1.0
764,0.4,1.0
2042,0.0,1.0
-143,1.0,1.0
1763,0.0,1.0
674,0.125,0.875
2274,0.5,1.0
2428,1.0,1.0
812,0.0,1.0
23,0.3557422969187675,0.9021358543417367
117,0.33070866141732286,0.9094488188976378
291,0.4489795918367347,0.8571428571428571
783,0.5,0.75
1502,0.0,1.0
1961,1.0,1.0
1229,0.0,1.0
1019,0.5,1.0
121,0.3401015228426396,0.9390862944162437
6427,0.0,1.0
1828,0.0,1.0
824,0.375,1.0
2465,1.0,1.0
1943,1.0,1.0
1285,0.6666666666666666,1.0
1176,0.0,1.0
46,0.3473756906077348,0.899171270718232
-9,0.45219182112385997,0.8205354516034128
358,0.2916666666666667,0.9166666666666666
1008,0.0,1.0
-42,0.5060975609756098,0.8048780487804879
284,0.375,0.8541666666666666
-56,0.4,0.8533333333333334
217,0.29577464788732394,0.8873239436619719
409,0.3888888888888889,0.8888888888888888
494,0.45454545454545453,0.8181818181818182
987,0.16666666666666666,1.0
1414,0.75,1.0
2614,0.5,1.0
1660,1.0,1.0
4097,1.0,1.0
20,0.3490216816499207,0.9005817028027499
5359,0.0,1.0
70,0.3746177370030581,0.9097859327217125
1215,0.0,1.0
-286,1.0,1.0
-74,0.42857142857142855,0.7857142857142857
1459,0.0,1.0
479,0.38461538461538464,1.0
2057,0.0,1.0
848,0.2857142857142857,0.8571428571428571
3179,0.0,1.0
1383,0.0,1.0
1759,1.0,1.0
-225,1.0,0.0
2512,0.0,1.0
-92,0.38095238095238093,0.8571428571428571
300,0.37142857142857144,0.9142857142857143
1178,0.3333333333333333,1.0
1133,1.0,0.0
781,0.2222222222222222,0.8888888888888888
1004,0.4,1.0
616,0.1111111111111111,0.8888888888888888
2407,0.0,1.0
4987,0.0,1.0
1168,0.3333333333333333,0.6666666666666666
1365,0.0,1.0
2645,0.0,1.0
1901,1.0,1.0
-11,0.44693877551020406,0.8293877551020408
99,0.3633879781420765,0.907103825136612
630,0.3,1.0
510,0.4166666666666667,0.9166666666666666
976,0.3333333333333333,0.6666666666666666
444,0.25,0.875
617,0.42857142857142855,1.0
-234,1.0,1.0
1181,0.75,0.75
2065,0.0,1.0
1989,1.0,1.0
937,0.3333333333333333,0.6666666666666666
1939,0.0,1.0
799,0.3333333333333333,1.0
676,0.5,1.0
1792,0.0,0.5
1713,0.0,0.0
387,0.375,0.9375
231,0.38666666666666666,0.9066666666666666
-93,0.7,0.9
1140,1.0,1.0
2652,0.0,1.0
885,0.5,1.0
2128,1.0,1.0
4398,0.0,1.0
2631,0.0,0.0
3244,0.0,1.0
-20,0.4312267657992565,0.8091697645600991
109,0.3745583038869258,0.9257950530035336
640,0.4166666666666667,1.0
86,0.33111111111111113,0.8977777777777778
354,0.2727272727272727,0.9090909090909091
483,0.1875,0.9375
-89,0.25,0.75
7886,0.0,1.0
1732,1.0,1.0
5839,1.0,0.0
4994,0.0,1.0
3982,0.0,1.0
1610,1.0,0.0
4196,0.0,1.0
476,0.3333333333333333,0.9333333333333333
1131,0.4,1.0
660,0.5,0.8333333333333334
918,0.6666666666666666,0.8333333333333334
802,0.3333333333333333,1.0
4809,0.0,1.0
1450,0.5,1.0
1564,0.0,1.0
10505,1.0,1.0
1006,0.4,1.0
793,0.5,0.875
832,0.4444444444444444,0.8888888888888888
770,0.3333333333333333,1.0
862,0.2,1.0
-113,0.25,1.0
-134,0.6666666666666666,1.0
3279,1.0,1.0
2814,1.0,1.0
189,0.4186046511627907,0.9302325581395349
60,0.34497816593886466,0.8973799126637555
2886,1.0,1.0
3149,0.0,1.0
5654,0.0,1.0
1094,0.0,1.0
545,0.4444444444444444,1.0
2156,0.0,1.0
1026,0.3333333333333333,1.0
1270,0.0,1.0
2988,1.0,1.0
4830,0.0,1.0
1391,0.3333333333333333,0.6666666666666666
1390,0.0,0.0
8326,1.0,1.0
-167,1.0,1.0
-99,0.3333333333333333,1.0
-21,0.46936114732724904,0.817470664928292
311,0.3076923076923077,0.9487179487179487
534,0.5,0.9166666666666666
578,0.3333333333333333,1.0
798,0.5,1.0
873,0.2,1.0
1676,0.5,1.0
1684,1.0,1.0
1411,0.5,1.0
4205,0.0,1.0
1249,0.0,1.0
1351,0.0,1.0
4269,0.0,1.0
-242,0.0,1.0
93,0.3871794871794872,0.8974358974358975
-31,0.4756944444444444,0.8055555555555556
633,0.36363636363636365,0.8181818181818182
569,0.4444444444444444,1.0
566,0.4,1.0
721,0.42857142857142855,0.7142857142857143
717,0.25,1.0
969,0.0,1.0
1835,0.0,0.0
888,1.0,0.8
7945,0.0,1.0
2068,0.0,1.0
1111,0.5,1.0
4516,1.0,1.0
3693,0.0,1.0
8498,0.0,1.0
40,0.3686818632309217,0.8989098116947473
251,0.3541666666666667,0.9166666666666666
259,0.25,0.890625
-94,0.47058823529411764,0.9411764705882353
366,0.4074074074074074,0.8888888888888888
204,0.3048780487804878,0.926829268292683
666,0.2727272727272727,1.0
707,0.5555555555555556,0.7777777777777778
1477,0.0,1.0
1644,0.0,1.0
1503,1.0,1.0
3359,0.0,1.0
2295,0.0,1.0
1183,1.0,1.0
647,0.7142857142857143,1.0
285,0.3181818181818182,0.9545454545454546
282,0.32727272727272727,0.9090909090909091
1247,0.0,1.0
1834,1.0,1.0
5774,0.0,1.0
1702,0.5,1.0
1106,1.0,1.0
2875,0.0,1.0
2001,0.5,1.0
-232,0.0,1.0
4481,0.0,1.0
1281,1.0,1.0
1604,0.0,1.0
1539,0.0,1.0
1492,0.0,1.0
12494,0.0,1.0
1616,0.0,1.0
1742,0.0,1.0
147,0.3137254901960784,0.9150326797385621
2267,0.5,0.75
787,0.16666666666666666,0.8333333333333334
1495,0.0,1.0
1294,0.0,1.0
908,0.6,0.6
887,0.6666666666666666,1.0
3893,0.0,1.0
-138,0.3333333333333333,0.8333333333333334
6433,0.0,1.0
1139,0.6666666666666666,1.0
3973,1.0,1.0
1184,0.0,1.0
2078,1.0,1.0
-207,0.3333333333333333,0.6666666666666666
1049,0.6666666666666666,1.0
183,0.37623762376237624,0.9108910891089109
725,0.5,1.0
571,0.2857142857142857,0.7142857142857143
522,0.2857142857142857,1.0
2279,0.0,0.5
527,0.2727272727272727,1.0
1032,0.5,0.5
837,0.25,0.75
1142,0.5,1.0
3765,1.0,1.0
2049,0.5,1.0
2375,0.0,1.0
-254,1.0,0.0
240,0.25,0.9615384615384616
263,0.44642857142857145,0.9285714285714286
4373,0.0,1.0
396,0.32142857142857145,0.7857142857142857
2749,1.0,1.0
1165,0.0,1.0
1003,0.0,1.0
2048,0.0,1.0
8591,0.0,1.0
3830,0.0,1.0
1017,0.5,1.0
1262,0.0,1.0
1057,0.0,1.0
4878,0.0,1.0
3479,0.0,1.0
16,0.35070192059254157,0.8995779863922143
64,0.34306569343065696,0.9111922141119222
-66,0.4423076923076923,0.8461538461538461
917,0.25,1.0
1022,0.0,1.0
5101,0.0,1.0
2327,1.0,1.0
3100,0.0,1.0
3371,0.0,1.0
3265,0.0,1.0
2361,0.0,0.0
3678,0.0,1.0
-191,0.0,0.0
1708,0.0,0.0
-29,0.4909560723514212,0.8062015503875969
281,0.23636363636363636,0.9272727272727272
1039,0.5,1.0
612,0.5,1.0
336,0.5357142857142857,0.8928571428571429
-216,1.0,0.0
839,0.25,1.0
698,0.5714285714285714,1.0
2342,0.0,1.0
-210,0.5,1.0
1985,1.0,1.0
2269,0.0,1.0
3850,1.0,1.0
91,0.3611111111111111,0.9217171717171717
152,0.34415584415584416,0.922077922077922
416,0.36363636363636365,0.9090909090909091
1990,0.5,1.0
-100,0.6363636363636364,0.9090909090909091
317,0.2972972972972973,0.8918918918918919
357,0.2,0.8571428571428571
267,0.39215686274509803,0.9803921568627451
584,0.3333333333333333,1.0
667,0.3,0.8
788,0.0,0.8
3852,0.0,1.0
1692,1.0,1.0
835,1.0,1.0
-277,1.0,0.0
5662,1.0,0.0
4985,0.0,1.0
-244,0.0,1.0
4565,0.0,1.0
-1,0.40742350959187,0.8505516004564969
261,0.3404255319148936,0.9148936170212766
808,0.125,1.0
956,0.25,1.0
398,0.17391304347826086,0.9565217391304348
2146,0.0,1.0
1952,0.0,1.0
2427,1.0,1.0
757,0.4,1.0
1061,0.16666666666666666,1.0
3146,0.0,1.0
1652,0.0,1.0
3301,0.0,1.0
1067,0.0,1.0
1645,1.0,0.0
2991,0.0,1.0
-67,0.4528301886792453,0.8679245283018868
489,0.2,0.8
-76,0.5142857142857142,0.9142857142857143
949,0.4,1.0
625,0.5714285714285714,0.8571428571428571
-80,0.6190476190476191,0.7619047619047619
2126,0.0,1.0
1603,0.5,1.0
1523,0.6666666666666666,0.6666666666666666
1439,0.0,1.0
1819,0.0,1.0
3934,0.0,1.0
2626,1.0,1.0
47,0.36198462613556953,0.8986722571628232
45,0.33353808353808356,0.918918918918919
53,0.36678507992895204,0.8916518650088809
484,0.30434782608695654,0.9565217391304348
572,0.6923076923076923,0.8461538461538461
531,0.35294117647058826,0.7647058823529411
148,0.3151515151515151,0.9090909090909091
1159,0.2,1.0
4781,0.0,1.0
972,0.2857142857142857,1.0
1394,0.6666666666666666,1.0
3798,0.0,1.0
669,0.25,1.0
1443,0.5,0.5
394,0.2608695652173913,0.8695652173913043
619,0.25,0.75
3317,1.0,1.0
2644,0.5,1.0
1748,0.0,1.0
169,0.336,0.912
751,0.16666666666666666,0.8333333333333334
786,0.6,0.8
2617,0.0,1.0
1243,0.6,0.6
3743,0.0,1.0
1827,0.0,1.0
1286,1.0,1.0
1384,0.0,1.0
5144,0.0,1.0
-5,0.4379766141331978,0.836807320793086
273,0.4166666666666667,0.9166666666666666
758,0.375,0.75
1494,0.5,1.0
1033,0.5,0.5
1105,0.5,1.0
1656,0.0,1.0
1205,1.0,0.0
1158,0.5,1.0
1467,1.0,1.0
14604,0.0,1.0
1511,0.0,1.0
3002,0.0,1.0
24,0.3495440729483283,0.899886018237082
456,0.07692307692307693,0.8461538461538461
458,0.11764705882352941,0.9411764705882353
-139,0.5,0.6666666666666666
340,0.32142857142857145,0.9642857142857143
1704,0.5,1.0
739,0.6,1.0
1325,0.0,1.0
1214,0.3333333333333333,1.0
1147,0.6666666666666666,1.0
1092,1.0,0.0
1587,0.0,0.0
211,0.32857142857142857,0.9571428571428572
469,0.2692307692307692,0.9230769230769231
526,0.46153846153846156,0.9230769230769231
-52,0.42857142857142855,0.9090909090909091
1326,0.5,1.0
-127,0.4,0.4
1843,1.0,1.0
2475,1.0,1.0
4912,1.0,1.0
7673,1.0,1.0
